[{"asin": "B07JQJTRHY", "name": "Targus 12.5-15.6\" Geolite Advanced TSB96201GL Backpack (Slate Grey)", "link": "amazon.in/sspa/click?ie=UTF8&spc=MToxOTU0NDI4Mzk0MTYxNTc5OjE2NzkzOTc0ODk6c3BfYXRmOjIwMTA3MTQwNzk2Nzk4OjowOjo&url=%2FTargus-12-5-15-6-Advanced-TSB96201GL-Backpack%2Fdp%2FB07JQJTRHY%2Fref%3Dsr_1_1_sspa%3Fcrid%3D2M096C61O4MLT%26keywords%3Dbags%26qid%3D1679397489%26sprefix%3Dba%252Caps%252C283%26sr%3D8-1-spons%26sp_csd%3Dd2lkZ2V0TmFtZT1zcF9hdGY%26psc%3D1", "price": "2,448", "no_of_rating": "(156)", "rating": "4.4"}, "B07JQJTRHY", {"asin": "B0BSH4H4DB", "name": "uppercase Matrix Professional Anti-theft Laptop Backpack (15.6 Inch) 3x more water resistant sustainable bags with rain proof zippers for Men, Women, Boys and Girls, 750 Days warranty", "link": "amazon.in/sspa/click?ie=UTF8&spc=MToxOTU0NDI4Mzk0MTYxNTc5OjE2NzkzOTc0ODk6c3BfYXRmOjIwMTEyMDk2MzE3NTk4OjowOjo&url=%2Fuppercase-Professional-Anti-theft-resistant-sustainable%2Fdp%2FB0BSH4H4DB%2Fref%3Dsr_1_2_sspa%3Fcrid%3D2M096C61O4MLT%26keywords%3Dbags%26qid%3D1679397489%26sprefix%3Dba%252Caps%252C283%26sr%3D8-2-spons%26sp_csd%3Dd2lkZ2V0TmFtZT1zcF9hdGY%26psc%3D1", "price": "2,300", "no_of_rating": "(12)", "rating": "4.2"}, "B0BSH4H4DB", {"asin": "B08Z1HHHTD", "name": "Skybags Brat Black 46 Cms Casual Backpack", "link": "amazon.in/Skybags-Brat-Black-Casual-Backpack/dp/B08Z1HHHTD/ref=ice_ac_b_dpb?crid=2M096C61O4MLT&keywords=bags&qid=1679397489&sprefix=ba%2Caps%2C283&sr=8-3", "price": "659", "no_of_rating": "(3,770)", "rating": "4.1"}, "B08Z1HHHTD", {"asin": "B07CJCGBVC", "name": "American Tourister 32 Ltrs Grey Casual Backpack (AMT FIZZ SCH BAG 02 - GREY)", "link": "amazon.in/gp/bestsellers/luggage/2917436031/ref=sr_bs_3_2917436031_1", "price": "1,099", "no_of_rating": "(52,288)", "rating": "4.1"}, "B07CJCGBVC", {"asin": "B084JGJ8PF", "name": "Wesley Milestone 2.0 Casual Waterproof Laptop Backpack/Office Bag/School Bag/College Bag/Business Bag/Travel Backpack (Dimensions:13x18 inches) (Compatible with 39.62cm(15.6inch laptop) 30 L (Blue & black)", "link": "amazon.in/gp/bestsellers/computers/1375464031/ref=sr_bs_4_1375464031_1", "price": "565", "no_of_rating": "(9,794)", "rating": "4.3"}, "B084JGJ8PF", {"asin": "B097RJ22Q3", "name": "Lavie Sport Lino Large Size 63 cms Wheel Duffle Bag for Travel | Travel Bag with Trolley", "link": "amazon.in/Lavie-Sport-Duffle-Luggage-Trolley/dp/B097RJ22Q3/ref=sr_1_6?crid=2M096C61O4MLT&keywords=bags&qid=1679397489&sprefix=ba%2Caps%2C283&sr=8-6", "price": "949", "no_of_rating": "(6,297)", "rating": "3.9"}, "B097RJ22Q3", {"asin": "B09TPX22NF", "name": "ADISA 15.6 inch Laptop Backpack Office Bag College Travel Back Pack 32 Ltrs (z-Navy Blue)", "link": "amazon.in/ADISA-Laptop-Backpack-Office-College/dp/B09TPX22NF/ref=sr_1_7?crid=2M096C61O4MLT&keywords=bags&qid=1679397489&sprefix=ba%2Caps%2C283&sr=8-7", "price": "499", "no_of_rating": "(566)", "rating": "3.8"}, "B09TPX22NF", {"asin": "B085MHDJ93", "name": "Half Moon 35 L Waterproof Laptop College School Office Bag Backpack for Men Women Boys Girls with 15.6 inch Padded Laptop Compartment & Rain Cover (Navy_Blue)", "link": "amazon.in/Half-Moon-Waterproof-Backpack-Students/dp/B085MHDJ93/ref=sr_1_8?crid=2M096C61O4MLT&keywords=bags&qid=1679397489&sprefix=ba%2Caps%2C283&sr=8-8", "price": "689", "no_of_rating": "(15,248)", "rating": "3.9"}, "B085MHDJ93", {"asin": "B019HA8AYG", "name": "Gear CarryOn 16L Foldable Water Resistant School Bag//Backpack/College Bag for Men/Women - Blue Black", "link": "amazon.in/GEAR-Black-Blue-Backpack-years/dp/B019HA8AYG/ref=sr_1_9?crid=2M096C61O4MLT&keywords=bags&qid=1679397489&sprefix=ba%2Caps%2C283&sr=8-9", "price": "214", "no_of_rating": "(6,056)", "rating": "3.7"}, "B019HA8AYG", {"asin": "B07Q7CNPMV", "name": "SAFARI 15 Ltrs Sea Blue Casual/School/College Backpack (DAYPACKNEO15CBSEB)", "link": "amazon.in/SAFARI-Ltrs-Casual-Backpack-DAYPACKNEO15CBSEB/dp/B07Q7CNPMV/ref=sr_1_10?crid=2M096C61O4MLT&keywords=bags&qid=1679397489&sprefix=ba%2Caps%2C283&sr=8-10", "price": "299", "no_of_rating": "(18,009)", "rating": "4.0"}, "B07Q7CNPMV", {"asin": "B08T1769X9", "name": "MOKOBARA Backpack 15.5\" Inch Laptop Backpack For Women (16 litres ) Improved (2022 - Model)", "link": "amazon.in/sspa/click?ie=UTF8&spc=MToxOTU0NDI4Mzk0MTYxNTc5OjE2NzkzOTc0ODk6c3BfbXRmOjIwMTE3Nzk1ODc2OTk4OjowOjo&url=%2FMOKOBARA-TSBPK12CND22001-Backpack-Modern-Love%2Fdp%2FB08T1769X9%2Fref%3Dsr_1_11_sspa%3Fcrid%3D2M096C61O4MLT%26keywords%3Dbags%26qid%3D1679397489%26sprefix%3Dba%252Caps%252C283%26sr%3D8-11-spons%26sp_csd%3Dd2lkZ2V0TmFtZT1zcF9tdGY%26psc%3D1%26smid%3DA2ZJIE4OXD710M", "price": "4,499", "no_of_rating": "(152)", "rating": "4.3"}, "B08T1769X9", {"asin": "B07P5X6NSN", "name": "FUR JADEN Vegan Leather 30L 15.6 Inch Laptop Backpack for Men Women for Office Professionals and College Students", "link": "amazon.in/sspa/click?ie=UTF8&spc=MToxOTU0NDI4Mzk0MTYxNTc5OjE2NzkzOTc0ODk6c3BfbXRmOjIwMTAwODU1MDk4NTk4OjowOjo&url=%2FFur-Jaden-resistant-Backpack-BM100_Brown%2Fdp%2FB07P5X6NSN%2Fref%3Dsr_1_12_sspa%3Fcrid%3D2M096C61O4MLT%26keywords%3Dbags%26qid%3D1679397489%26sprefix%3Dba%252Caps%252C283%26sr%3D8-12-spons%26sp_csd%3Dd2lkZ2V0TmFtZT1zcF9tdGY%26psc%3D1", "price": "889", "no_of_rating": "(2,237)", "rating": "4.2"}, "B07P5X6NSN", {"asin": "B0BLVQ9NTD", "name": "Half Moon Strike 35L Unisex Spacious School/Laptop/College/Office Travel Backpack Bag for Men Women Boys & Girls with 15.6 inch Padded Laptop Compartment & Multiple Pockets", "link": "amazon.in/Half-Moon-Spacious-Backpack-Compartment/dp/B0BLVQ9NTD/ref=sr_1_13?crid=2M096C61O4MLT&keywords=bags&qid=1679397489&sprefix=ba%2Caps%2C283&sr=8-13", "price": "699", "no_of_rating": "(115)", "rating": "3.7"}, "B0BLVQ9NTD", {"asin": "B0BTD4FK9G", "name": "American Tourister VALEX BLUE LAPTOP BACKPACK 28 Ltrs,Volume, LAPTOP COMPARTMENT, BOTTLE POCKET, FRONT ORGANIZER", "link": "amazon.in/American-Tourister-BACKPACK-COMPARTMENT-ORGANIZER/dp/B0BTD4FK9G/ref=sr_1_14?crid=2M096C61O4MLT&keywords=bags&qid=1679397489&sprefix=ba%2Caps%2C283&sr=8-14", "price": "1,299", "no_of_rating": "(8)", "rating": "4.1"}, "B0BTD4FK9G", {"asin": "B0BJ32LQ6X", "name": "Half Moon Large 37L Laptop Bag Backpack for men\u0902 Women Boys and Girls Luggage Travel Bags with 17.3 inches Laptop Compartment & Rain Cover", "link": "amazon.in/Half-Moon-Backpack-Compartment-Reflective/dp/B0BJ32LQ6X/ref=sr_1_15?crid=2M096C61O4MLT&keywords=bags&qid=1679397489&sprefix=ba%2Caps%2C283&sr=8-15", "price": "849", "no_of_rating": "(2,340)", "rating": "3.9"}, "B0BJ32LQ6X", {"asin": "B09VTCNN75", "name": "FUR JADEN Anti Theft Number Lock Backpack Bag with 15.6 Inch Laptop Compartment, USB Charging Port & Organizer Pocket for Men Women Boys Girls", "link": "amazon.in/Number-Backpack-Compartment-Charging-Organizer/dp/B09VTCNN75/ref=sr_1_16?crid=2M096C61O4MLT&keywords=bags&qid=1679397489&sprefix=ba%2Caps%2C283&sr=8-16", "price": "689", "no_of_rating": "(3,119)", "rating": "3.9"}, "B09VTCNN75", {"asin": "B088XB5XY8", "name": "Mi Step Out 12 L Mini Backpack (Small Size, Black, Water Repellant)", "link": "amazon.in/Backpack-Small-Black-Water-Repellant/dp/B088XB5XY8/ref=sr_1_17?crid=2M096C61O4MLT&keywords=bags&qid=1679397489&sprefix=ba%2Caps%2C283&sr=8-17", "price": "398", "no_of_rating": "(8,155)", "rating": "4.1"}, "B088XB5XY8", {"asin": "B07G4F6XFH", "name": "Gear Classic 20L Faux Leather Water Resistant Anti Theft Laptop Bag/Backpack for Men/Women-Brown", "link": "amazon.in/Gear-Classic-Leather-Backpack-LBPCLSLTH0201/dp/B07G4F6XFH/ref=sr_1_18?crid=2M096C61O4MLT&keywords=bags&qid=1679397489&sprefix=ba%2Caps%2C283&sr=8-18", "price": "1,075", "no_of_rating": "(5,454)", "rating": "4.4"}, "B07G4F6XFH", {"asin": "B09B25Z8M2", "name": "Safari Quill Laptop Backpack 26 Ltrs Water Resistant Fabric - Black, L (QUILL19CBBLK)", "link": "amazon.in/Safari-Laptop-Backpack-Resistant-Fabric/dp/B09B25Z8M2/ref=sr_1_19?crid=2M096C61O4MLT&keywords=bags&qid=1679397489&sprefix=ba%2Caps%2C283&sr=8-19", "price": "799", "no_of_rating": "(715)", "rating": "3.9"}, "B09B25Z8M2", {"asin": "B07F3X45WZ", "name": "ADISA Light Weight Laptop Backpack 32 Ltrs", "link": "amazon.in/ADISA-BP005-Weight-Casual-Backpack/dp/B07F3X45WZ/ref=sr_1_20?crid=2M096C61O4MLT&keywords=bags&qid=1679397489&sprefix=ba%2Caps%2C283&sr=8-20", "price": "499", "no_of_rating": "(5,646)", "rating": "4.0"}, "B07F3X45WZ", {"asin": "B0BR1D4SL1", "name": "uppercase Apex Professional Laptop Backpack (15.6 Inch) 3x more water resistant sustainable bags with rain proof zippers for Men, Women, Boys and Girls, 750 Days warranty", "link": "amazon.in/sspa/click?ie=UTF8&spc=MToxOTU0NDI4Mzk0MTYxNTc5OjE2NzkzOTc0ODk6c3BfYnRmOjIwMTA1NDUxODUxNTk4OjowOjo&url=%2Fuppercase-Professional-Backpack-resistant-sustainable%2Fdp%2FB0BR1D4SL1%2Fref%3Dsr_1_21_sspa%3Fcrid%3D2M096C61O4MLT%26keywords%3Dbags%26qid%3D1679397489%26sprefix%3Dba%252Caps%252C283%26sr%3D8-21-spons%26sp_csd%3Dd2lkZ2V0TmFtZT1zcF9idGY%26psc%3D1", "price": "1,800", "no_of_rating": "(17)", "rating": "4.9"}, "B0BR1D4SL1", {"asin": "B09B5DMGM1", "name": "Artistix Avian Unisex Water Repellent Anti Theft Travel Backpack with USB Port (Black, 32 L)", "link": "amazon.in/sspa/click?ie=UTF8&spc=MToxOTU0NDI4Mzk0MTYxNTc5OjE2NzkzOTc0ODk6c3BfYnRmOjIwMDcyMzk1NTEyNzAyOjowOjo&url=%2FArtistix-Unisex-Travel-Backpack-Repellent%2Fdp%2FB09B5DMGM1%2Fref%3Dsr_1_22_sspa%3Fcrid%3D2M096C61O4MLT%26keywords%3Dbags%26qid%3D1679397489%26sprefix%3Dba%252Caps%252C283%26sr%3D8-22-spons%26sp_csd%3Dd2lkZ2V0TmFtZT1zcF9idGY%26psc%3D1", "price": "1,989", "no_of_rating": "(663)", "rating": "4.5"}, "B09B5DMGM1"]